"id","rate"
"46119",10113.05
"38019",9848.4
"38095",9169.31
"31085",8565.85
"38091",8088.27
"38045",6926.77
"31057",6901.65
"38021",6716.68
"41021",6668.59
"20071",6489.98
"38081",6411.96
"46059",6343.7
"46049",5984.66
"46115",5660.96
"48301",5560.19
"41055",5297.27
"31007",5208.11
"46045",5189.22
"31135",5182.26
"38075",5162.23
"08061",4965.91
"31029",4878.67
"38063",4858.02
"53043",4764.42
"38087",4734.59
"46091",4731.89
"46069",4665.36
"48173",4511.1
"46025",4411.29
"30015",4293.49
"38083",4283.99
"38103",4258.87
"38067",4250.33
"38005",4209.61
"27167",4185.44
"38047",4162.42
"46089",4162.38
"20187",4126.76
"40025",4118.61
"48079",4099.01
"28055",4097.93
"46075",4094.87
"48033",4088.68
"30069",4074.2
"30055",3999.08
"38013",3985.76
"38071",3951.48
"08009",3894.93
"38073",3864.24
"16061",3863.96
"38023",3857.24
"38029",3809.57
"48269",3735.33
"46107",3694.85
"53023",3674.93
"46003",3638.31
"38031",3623.34
"20179",3609.67
"31183",3478.3
"38039",3429.16
"08017",3384.16
"46055",3366.55
"38051",3364.16
"46021",3362.29
"20153",3263.58
"20199",3224.05
"30045",3212.48
"30019",3199.89
"46111",3189.73
"38043",3134.93
"38097",3122.54
"46037",3024.94
"38003",2986.92
"38027",2972.9
"38041",2963.56
"38077",2950.01
"38009",2937.22
"20109",2785.48
"38099",2710.77
"46085",2687.47
"30051",2654.75
"38069",2629.31
"27069",2618.57
"53013",2605.36
"20181",2583.13
"48421",2551.55
"40053",2544.47
"16033",2541.33
"38049",2527.81
"20065",2496.56
"20203",2488.1
"48305",2482.89
"38037",2464.83
"20063",2435.96
"46097",2414.49
"46067",2410.38
"20101",2401.15
"27089",2352.89
"48151",2317.74
"31171",2305.29
"20089",2284.75
"20193",2273.45
"31035",2258.53
"27155",2258.02
"20075",2213.24
"08121",2212.47
"20129",2176.57
"48437",2153.74
"20023",2134.49
"38001",2116.68
"48045",2099.38
"46073",2078.12
"27107",2052.07
"30105",2033.62
"46077",2028.52
"31063",1996.71
"08125",1995.33
"46005",1993.23
"46105",1969.24
"46061",1957.48
"41049",1946.07
"31049",1927.55
"46063",1926.8
"30011",1918.41
"40141",1902.39
"29103",1877.22
"22107",1873.48
"53001",1871.52
"08063",1850.72
"48155",1842.22
"46117",1829.51
"20157",1820.3
"20093",1819.32
"48153",1816.91
"38033",1814.93
"38093",1796.16
"46013",1781.13
"30091",1769.39
"30103",1758.99
"20083",1745.28
"08115",1709.47
"20039",1690.54
"20189",1686.63
"46043",1652.88
"28125",1614.34
"31073",1611.68
"46015",1602.02
"16077",1601.83
"48165",1593.24
"30071",1585.41
"19185",1584.94
"30033",1581.32
"20183",1576.34
"38007",1573.6
"53075",1551.46
"20047",1546.63
"48207",1538.89
"30101",1538.52
"46137",1538.1
"27087",1531.44
"31149",1512.56
"30099",1495.64
"20081",1494.28
"29199",1491.12
"08095",1489.29
"46087",1484.27
"13007",1479.15
"30005",1477.2
"48317",1476.91
"20195",1463.59
"48261",1462.75
"31105",1459.04
"48369",1457.13
"48107",1452.86
"48433",1439.04
"31069",1436.54
"20171",1436.15
"16049",1422.66
"17065",1422.22
"48445",1420.9
"31087",1416.9
"38055",1412.18
"20141",1408.18
"29087",1404.43
"31113",1395.53
"41023",1394.32
"08073",1375.64
"48195",1373.65
"28053",1365.68
"30073",1364.51
"38065",1364.15
"28119",1354.5
"46071",1349.05
"31117",1330.07
"38025",1314.64
"48447",1311.35
"46123",1308.73
"31033",1306.97
"46095",1285.51
"31161",1283.29
"31083",1279.73
"48501",1274.5
"17059",1244.94
"31123",1243.33
"46017",1240.3
"46109",1239.85
"20201",1239.63
"19159",1238.09
"20069",1224.22
"48275",1219.59
"11001",1216.67
"31077",1216.53
"30037",1210.31
"38011",1203.38
"48443",1200.45
"31099",1186.28
"20185",1183.9
"30109",1181.27
"29005",1180.35
"48263",1177.81
"20105",1171.92
"20163",1154.29
"06049",1149.79
"31165",1134.74
"40003",1120.53
"31163",1119.78
"48111",1119.56
"19161",1114.04
"46039",1112.18
"31133",1112.01
"27051",1111.74
"31051",1111.62
"49009",1109.35
"31013",1106.73
"27081",1104.02
"46033",1102.43
"38053",1101.34
"46007",1097.67
"19083",1095.39
"48017",1093.24
"13201",1083.96
"31137",1080.83
"16085",1073.47
"46057",1072.32
"31065",1071.78
"29129",1070.82
"31103",1064.18
"17191",1063.4
"31175",1052.24
"38061",1049.22
"16037",1044.82
"30085",1041.39
"48011",1040.5
"30059",1037.2
"48115",1035.67
"28133",1023.44
"48239",1021.96
"27125",1021.37
"20135",1014.83
"31181",1014.19
"19025",1010.41
"46031",1005.24
"31089",1004.22
"31125",999.26
"20123",997.75
"30107",981.84
"48205",980.37
"46129",978.83
"27011",978.07
"31061",975.65
"48191",970.31
"35003",969.49
"19071",962.92
"46023",956.09
"20165",946.04
"31059",943.21
"22065",943.16
"48391",937.78
"30079",931.44
"27135",927.95
"46053",926.21
"48101",923.17
"31129",920.66
"13273",919.31
"16003",919.09
"31045",917.94
"22035",916.95
"17193",915.04
"17189",913.29
"06063",910.53
"20077",905.37
"48069",900.59
"31041",897.52
"19173",894.59
"27073",894.08
"20137",890.38
"29033",889.88
"48087",883.55
"29045",881.99
"46051",876.84
"30041",872.69
"29075",866.08
"17151",862.68
"27151",862.39
"20147",858.23
"29081",855.72
"41037",855.62
"20097",854.64
"48065",852.48
"31011",852.37
"16035",852.29
"40057",844.98
"40075",844.48
"48095",840.46
"30027",837.61
"16059",837.36
"46125",837.08
"31003",830.95
"48279",819.12
"48383",818.43
"46009",818.41
"27149",811.31
"29041",810.9
"40033",810.65
"05017",810.03
"20067",806.95
"05041",804.7
"29205",801.24
"17175",800.39
"05147",800.33
"28143",796
"29227",794.22
"16025",793.13
"29111",792.36
"31101",791.13
"31027",790.45
"30083",790.14
"48119",789.02
"20025",785.35
"19177",781.57
"40059",774.42
"46101",770.55
"48399",769.02
"28151",768.03
"19065",765.59
"55065",762.21
"27119",761.39
"37095",757.01
"05095",751.4
"19075",739.82
"22025",736.48
"46065",736.47
"27113",735.89
"20117",735.82
"16043",732.58
"27101",731.22
"30001",730.07
"29171",727.41
"48311",725.35
"19069",725.02
"27031",717.82
"19133",716.76
"08099",715.15
"08057",713.87
"02282",713.64
"31143",710.98
"20159",710.6
"19107",710.41
"19151",709.49
"19079",708.99
"16029",700.37
"48189",698.16
"19169",691.18
"17047",691.15
"19093",690.23
"31021",687.15
"27129",685.61
"31169",678.42
"19135",675.26
"29011",671.09
"48023",670.92
"48357",668.72
"16011",666.55
"29137",666.31
"20119",665.65
"30053",661.03
"20145",660.19
"19003",658.86
"46041",654.38
"19039",652.74
"31139",646.05
"17005",643.2
"06093",639.71
"20131",638.19
"08109",637.4
"05037",637.33
"40139",631.15
"41025",630.87
"31009",629.79
"53017",629.59
"30025",629.38
"19037",626.88
"20151",620.99
"22083",619.99
"31017",619.7
"31023",618.46
"31015",616.24
"31115",613.51
"29211",612.35
"27173",612.18
"17079",611.71
"40007",610.21
"06105",610.07
"48359",608.65
"05107",608.48
"31127",605.86
"19117",605.04
"17051",604.24
"20143",602.93
"19053",602.86
"31167",601.21
"31097",600.49
"19089",599.63
"16015",599.16
"21105",596.65
"31093",596.52
"48345",594.89
"38105",587.6
"48219",587.36
"53071",585.71
"19055",583.71
"17025",582.38
"49055",581.19
"31107",580.81
"41059",578.44
"20033",577.37
"41001",576.94
"38085",574.72
"05077",572.33
"41063",569.83
"30075",568.49
"19047",566.67
"53019",566.22
"08011",565.47
"17071",565.12
"20013",564.61
"38079",561.88
"22067",561.17
"48117",561.11
"06091",561.07
"37177",561.03
"19051",559.76
"31095",553.16
"28135",550.18
"02220",549.84
"16057",548.41
"16009",547.76
"20191",547.76
"29079",547.25
"31179",545.07
"27023",542.28
"27063",541.53
"20205",536.15
"20007",535.34
"30003",534.48
"05067",534.3
"47111",531.72
"28011",531.17
"48197",530.37
"27127",530.32
"20095",529.87
"46079",528.91
"40103",527.29
"27043",525.81
"31145",522.1
"19115",522
"31039",521.63
"19195",521.46
"20029",521.16
"53047",517.67
"19109",517.34
"31081",512.47
"27121",511.71
"49017",509.93
"21221",508.38
"31147",502.45
"19197",501.81
"28083",501.6
"20027",501.43
"30063",499.92
"08105",497.02
"48125",496.67
"46027",496.49
"13099",493.04
"18131",492.67
"19009",491.5
"19081",481.72
"29197",481.46
"48481",480.55
"29207",480.01
"31037",479.67
"19147",479.03
"13093",478.45
"22123",476.09
"31031",475.58
"53025",473.85
"28163",473.49
"29117",471.02
"20003",469.49
"17159",468.89
"38035",467.77
"16069",467.06
"05111",465.42
"19001",464.39
"02130",464.33
"37103",463.8
"19143",463.44
"35059",463
"48145",462.63
"30061",460.63
"40151",459.61
"17131",456.92
"20207",456.26
"27117",453.99
"51510",453.24
"20043",451.73
"55041",450.1
"17149",446.65
"48487",445.34
"48461",444.76
"19073",443.6
"48431",443
"17101",442.36
"29061",440.7
"17067",438.9
"31121",437.85
"31047",436.64
"29173",435.78
"20057",432.54
"48341",430.56
"56003",430.28
"02110",429.53
"19175",428.32
"48105",427.82
"40129",427.13
"27033",427.12
"31111",425
"56011",423.49
"40011",422.21
"29155",421.37
"19191",421.19
"38101",420.82
"38089",419.51
"27165",417.51
"21075",415.84
"35037",415.09
"46035",414.98
"32027",414.6
"19165",413.53
"31067",412.47
"37187",412.25
"19091",410.49
"48393",409.63
"29013",409.01
"21181",408.38
"48253",406.04
"19029",405.76
"27133",405.14
"19101",404.94
"48413",404.5
"26063",403.89
"17169",403.37
"41013",399.65
"48235",398.18
"40093",397.75
"28103",397.56
"19131",395.64
"30017",395.64
"48217",395.46
"21165",394.52
"19023",394.13
"30039",393.99
"20053",393.83
"29133",393.1
"29139",391.75
"56015",390.68
"21219",390.28
"40149",389.62
"29143",388.51
"28027",387.54
"41065",387.23
"38059",386.4
"16031",386
"17013",385.69
"16071",385.46
"48415",384.21
"30035",383.95
"31173",383.91
"05001",383.32
"17023",383.02
"22029",382.42
"19187",382.38
"31185",382.09
"22041",381.33
"19007",380.96
"19085",380.12
"27143",379.61
"46127",378.17
"13307",377.45
"27105",374.88
"13059",374.31
"53007",371.89
"30023",371.06
"20167",368.51
"38017",366.88
"20055",366.52
"26053",366.35
"40043",365.94
"42053",364.93
"16023",364.8
"30007",364.72
"06027",364.36
"19095",364.08
"48129",362.52
"19019",362.06
"19077",361.97
"13005",361.65
"46029",361.19
"17171",361.06
"30089",361.01
"17003",357.36
"38057",357.34
"53039",356.14
"30097",355.87
"20021",354.2
"20115",353.35
"31131",351
"27077",350.77
"46135",350.64
"19021",349.34
"17075",349.32
"48075",347.69
"18171",345.57
"08003",343.98
"30021",342.39
"20001",341.2
"18007",340.99
"20031",338.84
"08069",337.9
"21039",337.85
"19063",337.26
"48489",337.26
"18051",335.87
"31151",335.47
"27083",335.1
"17153",335
"21141",334.85
"24033",334.41
"06021",334.15
"12051",333.95
"56029",332.63
"18129",331.57
"31071",331.33
"27005",331.21
"51600",329.84
"29007",328.56
"49041",327.79
"20175",327.27
"19171",327.17
"17011",326.34
"21225",326.28
"08087",326.15
"41061",325.52
"13003",323.02
"40073",322.54
"29163",322.34
"17125",319.66
"17053",319.54
"17009",319.48
"27091",318.9
"19035",318.8
"20127",317.66
"06035",317.41
"30065",317.38
"45081",317.38
"21149",317.12
"28051",315.82
"27045",314.66
"47095",314.27
"48169",313.86
"47033",313.61
"19119",312.72
"17061",312
"19043",310.25
"20133",309.8
"21007",309.36
"29217",309.1
"46011",309.01
"29147",308.7
"29195",308.24
"18125",307.9
"40055",307.1
"26135",306.94
"27047",306.26
"13155",304.96
"48335",304.9
"28037",304.83
"30081",302.24
"27027",301.14
"19189",300.55
"19031",297.65
"17085",297.6
"16063",297.43
"13253",297.33
"06109",297.23
"29025",296.68
"19137",296.57
"27099",296.12
"19041",296.11
"28123",294.99
"22071",294.98
"55119",294.52
"29121",294.36
"19145",294.15
"08075",293.78
"06051",293.05
"16021",293.05
"17187",292.83
"06011",291.65
"17027",291.51
"01079",291.33
"31079",290.09
"46081",289.1
"29053",288.56
"19067",288.49
"17165",283.7
"40045",282.02
"18153",280.89
"55099",280.4
"13037",279.27
"19123",277.1
"13243",276.61
"17035",276.57
"41003",276
"20099",275.8
"19149",275.6
"48175",275.2
"05021",275.03
"17123",274.38
"47075",273.14
"30009",271.46
"46047",270.94
"48057",270.3
"13277",269.47
"19183",268.64
"17045",268.37
"26151",267.78
"17135",267.33
"05127",266.61
"17173",265.9
"56035",264.42
"05073",263.41
"35017",263.41
"05117",263.24
"19087",262.91
"51131",262.76
"40065",261.55
"29510",260.92
"13205",259.26
"29063",258.89
"48371",258.85
"48417",258.54
"30057",258.16
"05003",257.72
"31019",256.92
"48353",256.33
"05047",256.17
"13235",255.87
"27015",255.64
"48295",255.43
"17015",255.4
"20049",253.16
"54093",252.89
"20041",252.16
"27039",251.81
"56039",250.48
"16007",249.65
"48147",249.54
"17145",249.3
"38015",248.75
"17087",248.17
"19129",246.99
"30031",245.56
"41035",245.43
"27153",245.11
"17117",244.8
"17105",241.53
"05097",240.67
"16081",240.64
"08029",240.03
"29115",239.92
"40153",239.62
"46121",238.61
"20017",238.16
"21171",237.97
"48307",237.24
"05091",236.97
"16051",236.19
"20107",236.14
"19121",236.06
"28107",236.04
"19167",235.52
"19157",234.95
"17103",234.12
"51001",233.92
"48331",233.76
"30087",233.64
"21213",233.63
"18083",233.09
"21061",232.71
"13061",232.46
"05123",232.37
"37015",232.31
"19141",231.16
"27161",231
"17147",230.17
"08023",229.93
"56031",229.87
"21147",229.1
"40071",228.51
"17081",227.52
"18075",227.14
"16039",227.09
"37163",227.03
"46019",226.92
"18045",226.69
"17017",225.72
"27111",225.67
"27029",224.83
"18015",224.73
"48271",224.61
"17033",224.05
"17185",223.74
"51017",223.09
"18111",222.65
"12043",222.1
"01061",220.71
"29127",220.54
"31155",219.5
"13087",218.94
"46093",216.96
"39125",216.62
"41027",215.93
"31159",215.33
"12063",215.01
"23003",214.62
"17073",213.93
"21083",212.49
"17141",212.08
"21003",211.19
"17121",211.06
"56019",210.88
"37047",210.82
"17155",210.8
"54075",210.76
"40047",210.57
"06003",210.34
"19027",210.22
"48387",210.03
"17157",209.91
"56027",209.82
"05083",209.78
"37017",208.95
"08033",207.76
"13229",207.27
"27093",206.39
"35055",205.99
"29107",205.82
"27021",205.68
"18121",205.65
"48247",205.65
"20113",205.59
"30049",205.5
"19011",205.49
"48043",205.4
"13315",205.13
"17107",204.5
"18073",204.34
"31043",203.85
"55061",203.38
"48395",203.23
"55049",202.87
"48411",202.55
"04005",202.34
"49007",202.16
"19017",202.12
"29057",201.97
"05075",201.75
"18181",201.67
"20009",201.25
"18027",201.23
"29003",200.73
"20005",200.64
"47131",200.61
"32033",200.39
"08079",200
"37013",199.41
"55019",199.22
"17181",198.93
"16073",198.15
"37143",197.84
"45037",197.75
"37061",197.25
"17057",197.14
"49001",196.91
"56045",196.21
"13019",195.22
"05093",195.16
"17129",194.61
"16067",194.37
"54037",194.29
"56001",194.27
"17139",192.48
"13321",192.41
"28105",192.21
"31157",192.16
"20051",191.94
"13109",191.83
"48109",191.71
"28017",190.64
"19105",190.13
"55083",190.01
"40119",189.71
"28071",189.41
"55037",188.82
"01067",186.92
"05035",186.63
"48081",186.62
"20197",186.38
"29177",185.75
"16019",185.37
"19005",184.67
"30095",184.14
"39107",183.47
"54083",183.24
"48409",182.85
"48297",182.66
"27067",182.1
"13251",181.83
"21069",181.81
"32013",181.55
"31141",181.39
"26041",181.13
"20161",180.53
"56009",180.31
"19097",180.12
"55005",180.07
"28013",179.99
"21139",179.8
"55077",179.15
"48051",179.11
"13267",178.88
"18079",178.67
"51175",178.52
"21033",178.42
"13043",177.69
"13197",177.38
"13287",177.3
"13193",176.26
"45061",175.9
"05043",175.44
"48227",175.3
"29095",174.46
"48255",173.2
"48177",172.94
"18147",172.69
"53051",172.49
"40089",172.31
"22079",172.24
"30013",171.82
"39175",171.79
"53065",171.08
"18155",170.61
"42001",170.57
"47053",170.27
"18031",170.16
"18135",169.67
"55085",169.15
"27103",168.56
"31005",168.53
"55115",168.53
"06113",168.39
"19033",167.94
"05113",166.8
"31119",166.39
"18077",166.27
"21183",165.15
"29083",165.08
"53021",165.02
"19179",164.81
"26157",164.8
"21053",164.26
"17039",164.21
"20085",163.65
"02261",163.63
"08089",163.52
"22069",163.26
"47097",163.24
"08051",163.23
"28063",163.22
"17041",163.19
"28019",162.89
"20139",162.61
"20155",162.17
"12077",162.1
"55029",162.08
"48083",162.06
"17049",161.94
"37113",161.61
"20073",160.62
"17055",160.35
"20169",160.27
"31001",160.02
"05137",159.81
"35001",159.8
"13165",159.24
"26131",158.9
"48507",158.58
"29001",158.42
"35021",158.2
"37079",158
"49047",157.75
"55129",157.37
"06017",157.17
"08103",157.13
"41017",156.99
"24029",156.87
"40039",156.87
"08007",156.84
"37137",156.16
"18139",155.92
"19111",155.79
"39065",155.22
"13225",155.09
"41019",155.09
"48025",154.66
"29159",154.6
"21233",154.54
"05149",154.48
"13001",154.21
"06039",154.1
"16013",153.94
"31025",153.92
"40015",153.81
"40005",153.74
"19059",153.7
"04009",152.69
"46083",152.25
"29069",152.18
"31053",152.04
"05055",152
"53003",151.83
"51057",151.69
"05079",151.56
"45089",151.29
"05063",151.08
"56007",150.97
"55043",150.94
"48321",150.79
"21101",150.49
"53077",150.32
"26085",150.26
"18071",150.24
"18055",150.23
"37131",150.02
"17109",149.99
"26165",149.42
"30029",149.33
"26097",148.99
"01031",148.83
"48403",148.73
"19015",148.64
"17133",148.34
"37175",148.25
"08021",148.06
"12027",147.8
"48229",147.51
"18175",147.33
"16047",147.28
"27097",147.09
"48003",146.98
"55107",146.64
"51181",146.61
"35041",146.09
"17021",146.02
"39039",145.61
"49021",145.47
"21055",144.84
"08113",144.59
"17143",144.22
"26109",143.63
"56033",143.63
"13071",143.32
"08049",143.25
"45033",143
"37107",142.87
"55053",142.8
"13033",142.37
"18049",142.31
"55137",142.25
"22081",142
"27041",141.53
"06057",141.4
"48009",141.26
"19099",141.25
"19127",139.15
"47171",139.1
"45005",139.07
"16083",139.03
"18137",138.53
"24019",138.52
"19045",138.26
"31177",137.96
"20111",137.94
"54031",137.69
"13069",137.14
"20059",137.03
"47183",136.97
"48277",136.91
"17137",136.61
"48233",136.25
"55121",136.14
"55011",136.11
"29181",135.69
"13261",135.31
"55113",135.3
"29089",135.23
"20079",135.22
"55001",135.08
"35027",134.76
"45027",134.7
"16079",134.36
"42123",133
"06089",132.74
"18161",132.66
"08067",132.2
"29067",132.16
"26059",131.96
"17177",131.83
"27147",131.09
"22021",130.76
"08107",130.66
"29019",130.59
"21047",130.3
"27157",130.19
"21027",129.99
"04007",129.5
"08045",129.39
"18149",128.46
"22077",128.2
"06019",128.14
"29119",127.93
"55103",127.92
"29049",127.79
"08083",127.77
"27085",127.64
"48163",127.13
"27159",127.06
"18143",126.85
"51097",126.83
"20035",126.71
"48463",126.38
"17195",126.24
"49015",126.03
"47045",125.63
"21223",125.36
"54061",125.34
"18037",125.09
"51683",125.06
"39137",124.77
"48483",124.45
"22009",124.3
"13107",123.96
"26057",123.88
"16045",123.72
"41041",123.7
"49013",123.6
"08065",123.56
"17001",123.25
"18021",122.87
"39047",122.82
"13177",122.57
"28015",122.46
"48225",122.25
"35009",121.68
"13027",121.64
"55033",121.44
"26003",121.25
"21049",121.1
"18009",120.98
"19125",120.76
"21017",120.63
"20125",120.45
"55091",120.14
"17037",120.1
"47017",119.98
"46103",119.97
"48273",119.88
"17127",119.64
"29161",119.62
"48249",119.29
"17069",119.22
"19139",119.09
"05057",118.99
"05081",118.96
"05115",118.83
"04001",118.71
"48435",118.67
"30067",118.65
"48137",118.64
"37075",118.21
"48089",118.02
"51580",117.59
"18023",117.38
"13279",117.36
"27013",117.34
"05101",117.16
"29157",117.13
"31091",117.01
"45017",116.86
"18169",116.6
"37089",116.37
"16087",116.14
"18123",116.14
"49057",115.8
"28131",115.28
"49005",115.04
"48077",115
"49037",114.92
"27079",114.76
"28031",114.5
"20087",114.1
"16017",114.09
"12049",114.05
"20037",114.05
"08019",113.98
"29009",113.87
"51630",113.74
"51183",113.54
"29065",113.41
"55067",113.31
"28161",113.26
"29023",113.23
"56023",113.21
"48377",112.79
"36073",112.62
"01039",112.4
"35035",112.38
"04011",112.3
"22075",112.07
"18179",111.99
"39161",111.96
"55007",111.91
"48093",111.9
"05071",111.78
"39069",111.63
"48041",111.45
"55047",111.4
"18017",111.29
"18183",111.28
"17095",111.2
"49027",111.2
"31109",110.88
"19181",110.83
"51159",110.6
"26011",110.53
"48505",110.45
"46113",110.38
"19193",110.23
"55095",110.2
"39037",109.99
"29135",109.83
"37033",109.72
"13163",109.58
"27049",109.55
"18165",109.54
"47051",109.5
"48451",108.99
"05133",108.85
"56043",108.71
"20019",108.47
"17077",108.33
"53005",108.06
"13065",107.71
"27061",107.61
"18093",107.57
"37145",107.45
"55045",107.45
"22127",107.35
"17007",107.29
"26113",107.11
"05051",106.66
"16053",106.58
"18069",106.05
"47007",105.89
"17083",105.83
"20011",104.92
"51013",104.62
"55021",104.58
"01011",104.21
"35039",104.08
"13023",103.61
"55097",103.09
"39171",103.01
"37073",102.53
"40035",102.38
"48327",102.38
"51007",102.35
"47139",102.17
"37173",101.99
"29165",101.9
"18101",101.76
"26091",101.14
"21087",100.9
"51171",100.68
"37029",100.33
"48449",100.28
"48179",99.88
"26023",99.82
"28043",99.57
"55017",99.25
"39051",99.01
"29185",98.93
"37155",98.83
"41031",98.74
"08015",98.73
"37117",98.19
"35051",98.16
"06031",97.96
"08039",97.89
"37139",97.81
"05061",97.57
"01105",97.52
"06107",97.49
"41015",97.42
"13081",97.28
"56013",96.99
"26069",96.98
"21123",96.69
"51101",96.66
"41045",96.65
"48005",96.55
"48503",96.38
"37091",96.35
"21205",96.02
"55057",95.84
"17203",95.39
"29201",95.04
"17099",94.66
"12001",94.64
"39071",94.49
"51133",94.39
"35057",94.25
"27001",94.23
"21011",94.11
"13309",93.98
"08059",93.34
"21031",93.26
"39077",93.06
"21161",92.97
"39063",92.95
"18001",92.86
"18107",92.69
"48303",92.53
"16055",91.87
"48131",91.7
"28097",91.69
"22043",91.67
"24041",91.64
"16001",91.57
"45041",91.48
"16065",91.23
"55025",91.08
"21169",91.04
"41057",90.96
"48283",90.4
"51195",90.22
"22013",90.1
"51660",89.88
"37065",89.85
"13031",89.58
"27009",89.33
"39011",89.25
"13131",89.18
"18159",89.18
"29027",89.17
"13161",88.91
"28095",88.8
"20149",88.7
"39015",88.54
"55003",88.41
"54023",88.4
"55013",87.94
"26159",87.81
"53037",87.68
"28155",87.46
"39129",87.12
"01005",86.84
"39147",86.74
"39091",86.65
"21107",86.56
"19057",86.49
"27145",86.37
"55123",86.36
"22111",86.06
"45029",85.88
"05069",85.84
"13259",85.83
"18133",85.62
"17019",85.54
"39097",85.49
"51037",85.25
"56025",85.22
"21097",85.18
"06023",85.11
"55027",85.01
"45069",84.9
"12093",84.81
"21001",84.73
"30093",84.65
"18065",84.64
"21201",84.64
"29215",84.53
"29021",84.52
"51033",84.48
"47159",84.46
"08093",84.34
"27055",83.99
"18145",83.8
"56017",83.56
"26101",83.27
"49019",83.22
"51193",82.8
"28009",82.65
"21035",82.35
"24011",82.27
"21091",82.19
"13237",82.17
"27065",82.05
"50001",81.81
"28049",81.73
"10001",81.1
"47079",80.79
"17183",80.34
"48027",80.31
"13241",80.03
"19155",80.03
"16041",79.99
"01099",79.85
"18033",79.69
"40049",79.27
"17199",79.07
"48127",78.96
"13291",78.86
"17063",78.77
"29113",78.59
"21229",78.46
"01059",78.4
"17029",78.32
"05031",78.3
"21103",78.29
"35053",78.22
"47169",77.99
"39033",77.58
"30111",77.46
"48333",77.46
"48319",77.42
"05011",77.39
"48325",76.99
"22089",76.94
"21009",76.81
"37191",76.77
"39027",76.74
"51081",76.62
"15001",76.48
"48427",76.42
"39021",76.41
"26129",75.97
"01069",75.83
"12059",75.77
"48123",75.76
"01053",75.74
"47071",75.7
"01027",75.59
"21211",75.17
"13091",75.11
"26065",75.02
"53059",74.95
"06101",74.93
"13075",74.91
"06015",74.48
"55023",74.4
"18119",74.25
"28149",74.23
"01029",74.15
"08025",74.12
"40115",74.07
"18099",74.02
"27059",73.99
"32015",73.89
"01081",73.75
"51143",73.75
"35006",73.72
"18151",73.55
"39117",73.36
"51093",73.32
"41051",73.23
"30043",73.21
"22053",72.75
"17167",72.22
"55075",72.19
"39135",72.12
"48047",71.81
"22095",71.71
"33017",71.68
"55073",71.65
"56021",71.49
"18157",71.38
"27007",71.28
"51036",71.26
"35047",71.21
"13173",71.15
"08123",71.13
"45067",70.88
"29101",70.87
"49039",70.53
"50023",70.49
"05109",70.4
"18011",70.28
"56041",70.28
"54081",70.21
"21125",70.15
"32510",70.08
"47027",70.05
"13289",70.01
"18061",69.99
"48055",69.92
"27057",69.71
"47147",69.64
"21023",68.95
"40017",68.9
"39149",68.89
"18085",68.78
"22097",68.76
"37041",68.22
"13269",68.2
"51045",67.89
"05029",67.86
"28067",67.8
"39159",67.74
"18173",67.62
"40083",67.29
"27131",67.2
"19153",67.04
"48375",66.97
"06095",66.85
"51530",66.75
"21077",66.73
"26155",66.67
"12003",66.43
"02122",66.39
"37197",66.27
"33007",66.09
"55081",66.02
"48149",65.95
"46099",65.85
"26073",65.79
"06115",65.74
"06103",65.67
"12013",65.66
"23019",65.65
"39009",65.62
"02170",65.56
"21173",65.45
"28089",65.18
"21143",65.1
"47047",64.91
"19013",64.72
"37021",64.66
"27137",64.5
"40079",64.38
"42083",64.22
"55125",64.15
"35011",63.83
"26153",63.65
"55135",63.65
"55093",63.61
"37183",63.54
"13219",63.53
"48349",63.49
"48365",63.46
"28061",63.45
"06047",63.41
"21227",63.1
"24035",62.97
"01095",62.96
"53067",62.94
"29175",62.78
"21197",62.58
"50021",62.52
"13139",62.39
"48193",62.37
"47109",62.02
"42067",61.99
"29017",61.91
"40067",61.72
"21135",61.65
"48469",61.52
"19049",60.88
"40127",60.88
"48103",60.68
"48293",60.68
"01101",60.62
"26037",60.56
"48419",60.53
"37007",60.38
"18047",60.35
"28117",60.29
"48059",60.28
"32007",60.27
"22023",60.16
"48475",60.13
"41029",60.09
"05121",60.03
"13017",59.98
"05015",59.86
"18053",59.8
"47099",59.73
"53057",59.72
"45009",59.67
"30077",59.54
"51760",59.38
"22125",59.27
"51770",59.26
"55039",59.2
"28081",59.16
"17091",59.15
"29186",59.08
"37105",58.97
"47069",58.9
"39031",58.63
"01109",58.5
"27123",58.26
"50003",57.99
"01131",57.88
"45071",57.8
"37185",57.63
"25015",57.48
"33009",57.26
"18113",57.24
"39123",57.19
"12075",57.12
"29151",57.11
"48265",56.98
"55111",56.97
"47003",56.82
"13123",56.69
"24021",56.63
"20015",56.58
"26071",56.57
"10005",56.4
"49003",56.28
"22001",56.23
"01035",55.92
"47161",55.83
"45003",55.79
"20121",55.77
"21059",55.68
"37085",55.62
"36109",55.49
"27095",55.45
"21187",55.16
"26117",55.11
"45049",55.07
"08085",55.05
"41039",54.81
"18117",54.75
"04017",54.48
"55071",54.45
"36021",54.32
"55109",54.31
"45075",54.11
"26001",53.9
"21045",53.88
"28035",53.84
"37153",53.81
"16005",53.74
"51083",53.58
"51163",53.47
"01133",53.24
"37083",53.24
"13305",53.15
"26005",53.11
"26127",53.09
"29203",52.86
"26141",52.63
"04003",52.14
"39169",52.02
"02070",51.97
"05085",51.94
"39003",51.92
"26039",51.78
"28115",51.63
"39173",51.62
"13167",51.6
"48215",51.56
"27115",51.39
"36037",51.36
"12055",51.34
"13209",51.26
"05019",51.13
"51165",51.12
"48171",50.99
"05119",50.93
"48071",50.72
"53063",50.7
"47113",50.67
"37199",50.54
"01045",50.52
"40009",50.5
"47167",50.41
"06029",50.29
"40105",50.2
"17113",50.16
"04023",50.02
"45031",49.71
"16075",49.64
"51025",49.64
"13271",49.52
"48231",49.5
"29073",49.39
"13303",49.33
"28109",49.27
"39001",49.27
"01007",49.21
"16027",49.21
"05009",48.96
"21051",48.96
"12111",48.88
"13275",48.78
"35015",48.73
"18041",48.69
"29221",48.66
"26067",48.64
"24039",48.62
"08077",48.59
"37121",48.54
"36121",48.5
"13137",48.41
"01087",48.4
"28113",48.37
"42043",48.32
"08101",48.07
"18005",48
"48015",47.86
"06043",47.83
"47137",47.8
"51147",47.69
"54067",47.69
"27169",47.59
"41005",47.59
"05145",47.48
"54063",47.41
"21175",47.34
"37195",47.33
"48187",47.33
"51197",47.04
"28087",47.03
"19061",47.02
"29031",47
"54027",46.78
"34033",46.74
"06007",46.69
"21073",46.67
"35049",46.63
"37169",46.58
"45085",46.56
"48493",46.46
"13299",46.38
"28001",46.32
"08117",46.26
"06005",46.23
"39101",46.21
"50019",46.21
"37049",46.17
"48181",46.16
"48471",46.11
"01041",46.1
"20177",46.08
"37193",45.89
"21067",45.87
"28079",45.86
"55015",45.84
"48347",45.73
"29219",45.72
"37101",45.68
"29015",45.56
"28093",45.52
"05143",45.48
"08027",45.39
"27071",45.33
"06033",45.32
"01019",45.31
"40023",45.24
"28145",45.23
"48049",45
"55055",44.98
"48355",44.96
"51111",44.78
"08081",44.51
"12121",44.43
"04025",44.42
"05105",44.29
"40031",44.25
"55141",44.2
"47011",44.17
"18103",44.16
"53031",44.15
"47103",44.12
"33003",44.07
"24047",44
"48211",43.91
"26105",43.82
"39143",43.81
"35013",43.78
"27109",43.73
"21177",43.69
"48139",43.54
"55069",43.46
"48465",43.39
"37149",43.38
"28029",43.28
"02013",43.15
"21155",43.1
"01083",43.08
"47059",43.04
"36069",43.01
"48013",42.99
"22039",42.95
"37179",42.87
"26061",42.79
"22113",42.69
"21085",42.67
"47177",42.63
"55087",42.57
"26017",42.45
"13121",42.17
"41033",42.15
"51678",42.08
"23021",42.05
"28003",41.97
"48267",41.96
"01107",41.88
"54001",41.8
"51173",41.66
"51103",41.65
"37069",41.62
"33013",41.61
"26027",41.59
"21231",41.57
"39167",41.46
"26045",41.29
"36051",41.01
"42015",40.93
"40013",40.74
"06009",40.71
"48495",40.68
"24045",40.61
"06077",40.56
"51167",40.53
"05087",40.43
"42009",40.38
"27025",40.27
"28085",40.23
"28077",40.21
"40069",40.11
"21217",39.76
"21099",39.74
"37147",39.52
"45011",39.52
"47081",39.37
"29141",39.35
"04021",39.22
"48143",39.18
"51117",39.12
"37039",38.91
"55127",38.82
"13171",38.75
"18167",38.71
"54071",38.42
"55035",38.25
"21189",38.17
"50011",38.17
"13145",38.08
"55009",37.93
"45079",37.91
"21041",37.73
"45051",37.7
"26107",37.65
"21215",37.55
"51067",37.52
"18035",37.4
"01091",37.39
"49051",37.33
"21157",37.21
"01065",37.14
"37157",37.12
"01049",37.09
"51015",37.03
"55105",36.76
"39141",36.75
"08053",36.73
"26007",36.69
"26089",36.63
"48309",36.55
"13249",36.51
"51141",36.51
"48491",36.44
"12079",36.33
"37123",36.31
"12129",36.22
"51121",36.16
"36123",36.07
"54035",36.02
"48285",36.01
"01063",35.92
"18087",35.89
"18025",35.79
"48441",35.76
"39083",35.69
"48323",35.4
"53041",35.38
"51119",35.36
"32001",35.27
"26119",35.16
"47087",35.12
"48037",35.11
"37181",35.05
"17115",34.93
"08071",34.86
"23029",34.84
"18177",34.82
"47073",34.57
"39043",34.56
"21191",34.51
"50007",34.47
"39045",34.36
"42039",34.27
"19103",34.25
"32017",34.23
"06083",34.08
"47077",34.07
"26149",33.98
"34021",33.97
"39041",33.96
"26123",33.95
"39005",33.95
"26055",33.86
"41043",33.8
"13213",33.67
"47141",33.59
"20045",33.54
"15007",33.49
"45087",33.36
"50005",33.33
"06099",33.2
"13283",33.16
"28021",33.12
"26013",33.04
"26133",33.03
"01033",32.9
"22121",32.8
"01047",32.73
"47023",32.71
"37171",32.69
"36101",32.52
"08037",32.51
"30047",32.45
"26021",32.37
"28025",32.36
"02020",32.31
"48291",32.29
"42057",32.18
"37031",32.16
"48061",32.07
"40117",32.06
"13175",32.02
"29039",31.93
"26087",31.85
"26033",31.83
"36111",31.78
"35005",31.77
"40121",31.69
"26147",31.58
"36013",31.52
"09013",31.42
"02090",31.37
"26025",31.26
"51035",31.26
"21079",31.24
"26115",31.19
"21081",31.17
"13255",31.16
"12061",31.02
"35019",30.92
"06069",30.91
"36019",30.88
"01071",30.84
"47117",30.81
"39075",30.77
"06053",30.75
"36049",30.73
"27171",30.56
"48063",30.51
"37165",30.44
"49023",30.43
"48237",30.28
"50027",30.12
"01055",29.97
"42075",29.96
"28057",29.93
"32031",29.93
"36115",29.87
"15009",29.84
"18059",29.84
"39127",29.84
"12023",29.8
"06055",29.78
"48485",29.69
"51047",29.69
"29097",29.65
"47123",29.65
"35023",29.62
"13189",29.53
"40087",29.49
"51640",29.4
"21137",29.3
"37093",29.2
"42031",29.19
"29109",29.16
"01121",29.07
"26015",29.03
"21145",28.91
"47063",28.84
"29051",28.68
"37141",28.59
"28101",28.54
"28007",28.49
"37077",28.49
"42091",28.48
"24043",28.44
"51053",28.37
"18109",28.34
"17163",28.28
"29037",28.14
"18115",28.05
"01025",28
"08055",27.81
"12081",27.81
"42035",27.8
"37127",27.77
"08043",27.76
"42037",27.7
"01009",27.56
"05131",27.5
"13317",27.49
"47055",27.45
"28005",27.29
"21167",27.21
"21179",27.19
"49035",27.17
"17111",27.06
"28139",26.98
"12047",26.91
"56005",26.9
"40085",26.82
"47015",26.78
"26051",26.66
"54025",26.64
"21115",26.6
"17179",26.54
"22109",26.51
"47085",26.49
"40051",26.47
"41071",26.43
"12133",26.36
"51145",26.27
"42027",26.26
"42109",26.23
"37037",26.13
"28039",26.12
"17161",26.06
"26145",25.95
"36097",25.94
"42055",25.93
"18091",25.92
"21163",25.91
"48223",25.9
"12073",25.86
"32005",25.75
"37111",25.68
"22105",25.62
"49043",25.62
"06045",25.6
"48035",25.52
"54087",25.52
"51127",25.46
"21203",25.42
"51075",25.39
"19163",25.35
"36089",25.33
"42061",25.26
"47005",25.25
"48497",25.11
"18095",25.09
"54055",24.87
"48257",24.81
"51595",24.81
"47031",24.77
"27035",24.68
"27053",24.68
"06001",24.62
"35033",24.59
"40041",24.59
"47057",24.58
"35025",24.5
"08119",24.48
"51003",24.4
"12105",24.38
"12065",24.23
"37003",24.23
"08001",24.17
"48281",24.16
"13125",24.08
"53011",24.01
"39109",23.96
"13247",23.92
"21207",23.91
"13157",23.88
"36023",23.86
"02240",23.78
"17119",23.74
"48473",23.68
"36117",23.54
"26009",23.51
"06079",23.48
"36099",23.43
"41047",23.38
"45023",23.32
"48381",23.2
"13127",23.15
"20061",23.13
"13079",23.1
"39019",23.09
"36067",23.08
"51091",23.04
"39007",23.02
"37009",22.95
"05129",22.86
"37053",22.8
"12039",22.78
"29131",22.75
"41011",22.72
"39119",22.6
"01077",22.55
"45077",22.51
"48337",22.51
"40021",22.46
"51149",22.46
"39087",22.3
"01043",22.29
"47037",22.25
"39067",22.09
"19113",21.93
"27019",21.83
"47025",21.82
"35045",21.8
"18067",21.79
"21093",21.79
"13153",21.77
"13021",21.75
"21199",21.71
"48429",21.68
"17093",21.67
"54041",21.55
"44003",21.52
"31055",21.51
"55117",21.48
"01003",21.47
"21239",21.47
"22027",21.42
"35043",21.41
"13185",21.31
"55078",21.3
"54053",21.26
"26075",21.25
"42131",21.22
"47143",21.22
"51515",21.2
"28065",21.19
"37167",21.18
"29167",21.15
"34011",21.13
"40029",21.1
"48389",21.08
"42105",20.93
"51169",20.93
"36071",20.92
"36095",20.56
"40101",20.51
"37071",20.4
"36045",20.34
"51135",20.28
"45025",20.27
"47107",20.22
"39089",20.21
"01085",20.16
"21109",20.14
"18019",20.12
"51109",20.08
"29071",20.05
"15003",20.04
"01013",19.84
"06111",19.82
"36011",19.82
"22073",19.81
"26103",19.65
"36057",19.58
"29145",19.55
"26137",19.49
"40107",19.45
"40099",19.44
"42103",19.44
"06075",19.41
"47163",19.37
"36001",19.36
"28121",19.32
"47041",19.24
"21129",19.17
"37059",19.11
"45043",19.07
"48397",18.97
"40123",18.94
"40145",18.94
"13045",18.84
"18063",18.82
"35029",18.82
"05065",18.79
"37005",18.78
"12067",18.76
"40063",18.75
"12131",18.74
"28129",18.62
"27141",18.61
"40111",18.6
"37081",18.52
"08031",18.49
"51113",18.48
"51085",18.46
"01089",18.41
"48133",18.41
"28137",18.37
"13239",18.2
"13211",18.18
"37051",18.13
"13133",18.12
"21025",18.05
"04019",18.01
"51099",17.96
"13105",17.88
"39023",17.85
"12041",17.79
"36009",17.72
"21043",17.63
"40081",17.62
"02180",17.6
"01001",17.53
"12069",17.52
"28047",17.51
"05059",17.47
"24023",17.47
"42041",17.47
"39053",17.46
"48467",17.38
"26111",17.34
"37045",17.33
"40095",17.32
"47157",17.29
"29085",17.28
"13077",17.22
"42117",17.17
"41053",17.09
"42045",17.05
"55079",17.04
"21057",17.02
"12113",16.98
"01075",16.94
"13029",16.93
"54033",16.91
"26035",16.88
"01021",16.84
"42085",16.82
"51049",16.74
"20103",16.68
"40137",16.62
"48099",16.62
"40113",16.56
"13013",16.51
"39079",16.51
"21209",16.44
"39131",16.39
"39057",16.31
"48097",16.27
"47089",16.26
"18081",16.24
"37087",16.22
"01103",16.2
"42049",16.16
"42097",16.12
"06025",16.08
"47093",15.94
"48085",15.94
"28147",15.91
"22099",15.84
"28033",15.82
"36003",15.76
"26139",15.75
"36025",15.62
"29187",15.6
"48479",15.59
"23001",15.49
"06097",15.47
"50009",15.43
"01129",15.39
"48031",15.33
"34019",15.28
"39029",15.26
"18029",15.21
"01125",15.19
"40001",15.18
"42063",15.15
"47039",15.14
"17089",15.06
"39025",15.03
"37151",14.99
"42113",14.98
"37019",14.95
"54107",14.92
"39103",14.89
"18097",14.88
"47125",14.79
"13129",14.78
"29035",14.76
"27037",14.71
"40097",14.69
"05007",14.66
"56037",14.65
"12021",14.59
"39049",14.59
"42099",14.59
"26121",14.53
"45019",14.49
"40061",14.44
"05049",14.38
"45073",14.38
"25001",14.33
"50025",14.33
"47049",14.21
"51061",14.19
"05045",14.15
"45047",14.15
"26081",14.06
"36063",14.02
"53015",14.02
"28153",14
"49049",13.98
"12086",13.97
"22003",13.93
"01051",13.9
"05033",13.89
"55139",13.88
"25011",13.84
"13319",13.82
"51800",13.77
"54007",13.77
"29225",13.71
"39139",13.7
"42005",13.65
"13015",13.63
"20173",13.63
"21237",13.49
"54051",13.46
"40135",13.43
"42107",13.41
"42087",13.39
"17197",13.36
"47061",13.32
"37097",13.3
"13095",13.26
"37115",13.23
"18163",13.19
"22061",13.15
"42111",13.12
"18127",13.11
"55051",13.09
"26093",13.07
"22055",13.03
"50013",12.99
"48439",12.98
"39157",12.89
"28159",12.88
"26043",12.86
"01015",12.85
"54095",12.85
"47165",12.83
"47029",12.82
"25025",12.76
"34005",12.74
"47065",12.69
"32019",12.65
"42093",12.63
"48161",12.56
"45015",12.55
"21193",12.54
"06065",12.49
"24015",12.48
"04012",12.46
"48245",12.46
"05135",12.45
"40133",12.45
"48329",12.37
"29047",12.33
"06071",12.32
"27139",12.31
"54003",12.28
"51043",12.25
"24013",12.24
"28069",12.24
"40147",12.2
"35061",12.19
"45001",12.19
"54021",12.18
"13103",12.15
"17201",12.09
"37159",12.09
"35007",12.09
"47091",12.07
"45083",12.04
"12015",12.01
"48287",11.99
"22017",11.96
"36053",11.95
"26161",11.88
"51137",11.86
"48367",11.74
"51069",11.71
"01057",11.68
"08091",11.66
"48157",11.65
"51011",11.65
"51031",11.65
"47153",11.63
"22045",11.61
"29043",11.61
"24003",11.57
"55131",11.53
"08013",11.52
"06061",11.51
"25019",11.49
"48289",11.49
"26049",11.48
"29077",11.45
"13297",11.44
"12091",11.4
"27017",11.36
"48209",11.31
"09003",11.27
"26019",11.27
"49011",11.27
"51105",11.25
"29223",11.22
"48425",11.22
"18003",11.14
"22033",11.13
"40077",11.04
"47179",11.03
"55101",11.01
"29059",10.99
"05005",10.9
"06067",10.84
"42019",10.79
"53009",10.67
"39093",10.65
"37001",10.64
"12083",10.62
"13025",10.61
"34041",10.61
"37023",10.55
"36105",10.5
"29149",10.43
"01113",10.42
"48477",10.42
"48251",10.4
"47119",10.37
"13117",10.3
"37063",10.28
"53061",10.28
"36065",10.26
"51029",10.25
"24037",10.23
"39151",10.23
"28099",10.22
"01127",10.21
"13199",10.2
"12099",10.14
"29105",10.14
"42071",10.08
"23011",10.07
"36061",10.05
"26077",10.04
"39105",9.94
"48299",9.86
"48401",9.84
"55059",9.8
"53027",9.78
"12107",9.75
"22115",9.74
"24009",9.71
"47185",9.71
"53073",9.71
"55063",9.7
"01117",9.67
"18141",9.67
"42013",9.67
"18039",9.63
"29091",9.63
"23025",9.62
"01119",9.6
"13115",9.58
"51680",9.57
"37133",9.56
"29183",9.55
"02050",9.54
"42011",9.52
"54105",9.4
"48159",9.37
"47121",9.34
"37125",9.32
"05103",9.31
"42065",9.28
"51125",9.28
"39133",9.22
"54065",9.2
"22015",9.18
"55089",9.17
"29125",9.15
"47105",9.11
"48259",9.11
"18013",8.99
"45055",8.99
"48021",8.96
"36033",8.93
"48499",8.93
"45063",8.92
"47043",8.92
"42081",8.82
"29229",8.81
"39163",8.79
"39165",8.79
"36017",8.76
"28141",8.66
"13295",8.61
"42133",8.61
"22057",8.59
"28091",8.55
"47133",8.44
"47181",8.42
"04013",8.4
"12117",8.39
"23009",8.39
"48373",8.36
"12085",8.35
"42119",8.35
"41067",8.33
"21121",8.31
"48363",8.28
"40131",8.27
"23017",8.24
"37027",8.23
"48453",8.23
"45021",8.22
"28075",8.19
"22031",8.15
"48113",8.11
"02150",8.07
"40109",8.07
"36031",8.05
"08097",8.04
"39145",8.04
"51191",8.03
"36035",8.02
"42129",8.01
"21021",7.98
"23007",7.88
"51115",7.84
"54039",7.84
"12053",7.81
"53049",7.81
"22047",7.8
"47115",7.76
"42069",7.72
"48167",7.68
"45035",7.67
"34035",7.6
"21089",7.57
"13147",7.54
"36077",7.54
"40091",7.54
"12119",7.51
"13057",7.51
"50015",7.49
"06073",7.44
"48019",7.43
"42047",7.41
"39059",7.36
"51019",7.35
"37011",7.32
"22119",7.28
"04027",7.26
"47149",7.25
"34039",7.19
"48221",7.15
"42021",7.14
"40125",7.09
"21151",7.03
"47001",6.97
"24017",6.93
"22117",6.91
"42033",6.89
"39095",6.86
"09015",6.82
"51087",6.81
"29153",6.78
"51139",6.77
"42073",6.71
"23013",6.7
"45007",6.7
"12109",6.67
"37161",6.67
"31153",6.66
"12115",6.65
"47067",6.65
"36083",6.63
"37067",6.61
"21005",6.6
"48039",6.59
"35028",6.55
"21065",6.5
"18105",6.46
"49053",6.46
"51073",6.33
"37135",6.32
"18057",6.31
"25027",6.27
"45053",6.26
"22085",6.23
"34015",6.2
"51730",6.17
"36103",6.15
"28073",6.13
"12057",6.06
"23027",6.06
"47135",6.05
"29123",6.04
"21015",6.01
"36107",6.01
"09005",6
"54077",6
"51540",5.99
"48405",5.89
"48001",5.88
"13101",5.86
"23005",5.86
"39055",5.83
"09011",5.79
"45059",5.79
"21133",5.78
"39115",5.77
"39017",5.76
"12033",5.74
"25023",5.72
"13233",5.67
"12071",5.63
"22011",5.63
"08005",5.61
"01093",5.59
"22019",5.52
"37109",5.52
"36075",5.52
"48313",5.49
"28157",5.48
"42101",5.43
"42051",5.4
"13245",5.39
"42077",5.39
"01097",5.37
"21185",5.37
"28127",5.37
"47035",5.37
"10003",5.36
"53033",5.29
"13221",5.27
"50017",5.24
"54057",5.24
"12095",5.21
"51590",5.18
"18089",5.16
"55031",5.15
"17043",5.11
"37057",5.1
"51550",5.08
"54049",5.08
"51023",5.04
"36113",5.02
"05023",5
"33001",4.99
"09009",4.95
"34001",4.89
"54011",4.86
"13207",4.85
"27163",4.85
"39113",4.83
"22037",4.8
"21111",4.79
"22101",4.79
"01111",4.77
"39155",4.77
"28111",4.75
"54043",4.75
"55133",4.74
"48385",4.69
"01017",4.66
"25013",4.65
"40019",4.61
"37025",4.58
"42095",4.58
"12035",4.52
"06037",4.51
"17031",4.51
"48241",4.51
"45039",4.5
"13301",4.49
"37189",4.48
"54013",4.45
"39073",4.44
"47189",4.43
"12011",4.33
"28023",4.32
"13063",4.31
"24001",4.28
"08041",4.27
"54069",4.26
"39099",4.24
"29055",4.18
"54019",4.17
"51009",4.15
"45045",4.14
"48121",4.12
"51065",4.12
"42115",4.08
"21113",4.06
"51063",3.93
"53045",3.88
"40037",3.85
"36055",3.84
"36043",3.83
"51177",3.8
"51157",3.79
"47175",3.74
"13055",3.68
"48053",3.67
"05089",3.66
"42121",3.66
"22063",3.65
"25003",3.64
"37035",3.64
"35031",3.61
"13183",3.59
"21235",3.53
"26031",3.5
"36091",3.46
"06081",3.43
"48459",3.43
"47187",3.38
"47019",3.37
"47021",3.36
"13141",3.35
"22007",3.35
"48007",3.35
"13231",3.3
"26047",3.28
"34009",3.28
"42017",3.25
"12097",3.24
"45057",3.24
"47013",3.24
"24510",3.23
"36007",3.23
"42125",3.23
"51710",3.2
"36027",3.17
"48029",3.17
"13257",3.16
"42089",3.15
"21153",3.06
"29099",2.96
"05141",2.95
"48141",2.9
"48457",2.9
"42029",2.86
"01023",2.84
"12127",2.82
"18043",2.79
"39061",2.78
"48203",2.78
"33015",2.73
"02016",2.71
"13089",2.7
"42079",2.7
"24027",2.69
"24025",2.68
"21063",2.66
"48185",2.63
"21019",2.62
"49045",2.62
"47155",2.61
"20209",2.59
"29213",2.56
"33005",2.56
"22059",2.55
"40027",2.53
"45091",2.53
"48213",2.52
"48407",2.5
"36039",2.49
"21013",2.47
"48423",2.47
"36079",2.45
"54097",2.41
"26095",2.39
"32023",2.39
"37099",2.38
"05139",2.36
"36029",2.35
"34037",2.34
"51005",2.33
"12101",2.31
"09007",2.29
"24005",2.29
"39085",2.29
"54103",2.29
"48067",2.23
"48091",2.23
"26099",2.22
"51790",2.22
"39013",2.2
"08035",2.13
"26163",2.13
"48201",2.09
"20091",2.07
"51077",2.04
"32003",2.03
"13067",2.02
"53029",2.02
"42007",1.98
"13051",1.96
"34013",1.96
"48073",1.95
"40143",1.93
"12029",1.86
"42127",1.85
"34023",1.83
"21029",1.81
"36015",1.81
"54047",1.78
"13111",1.76
"33019",1.76
"41007",1.75
"42025",1.74
"12009",1.71
"22093",1.71
"26029",1.69
"01073",1.68
"42059",1.68
"28059",1.66
"41009",1.66
"53035",1.64
"13179",1.61
"21037",1.6
"42003",1.6
"05125",1.55
"48135",1.54
"13285",1.53
"51107",1.48
"13135",1.46
"21071",1.45
"12087",1.42
"13215",1.42
"44009",1.42
"01123",1.41
"22005",1.41
"51095",1.4
"51740",1.4
"12031",1.39
"37129",1.39
"34025",1.36
"47083",1.36
"04015",1.35
"29189",1.33
"37119",1.33
"48199",1.33
"06085",1.32
"25017",1.32
"13113",1.3
"33011",1.29
"28041",1.28
"47009",1.26
"47127",1.25
"06087",1.23
"25005",1.21
"13097",1.2
"47145",1.2
"51830",1.2
"26079",1.18
"36093",1.17
"27003",1.16
"22087",1.15
"13151",1.14
"13217",1.14
"06059",1.12
"12089",1.12
"17097",1.12
"51810",1.11
"13313",1.07
"51650",1.07
"37055",1.03
"53053",1.03
"21117",1
"26125",1
"44007",0.99
"54099",0.99
"39081",0.96
"51179",0.96
"21127",0.94
"39035",0.94
"48339",0.91
"49029",0.91
"45013",0.88
"47101",0.88
"24031",0.87
"23031",0.87
"42023",0.87
"34007",0.82
"05027",0.8
"22103",0.79
"34031",0.75
"12005",0.71
"12103",0.71
"51041",0.68
"54109",0.67
"13143",0.66
"34027",0.66
"06013",0.61
"13311",0.6
"08014",0.58
"29169",0.57
"51027",0.55
"13293",0.53
"13159",0.5
"23015",0.5
"51153",0.5
"34003",0.49
"36087",0.47
"22051",0.44
"13119",0.43
"34017",0.42
"51089",0.38
"25009",0.37
"54079",0.37
"12123",0.36
"37043",0.35
"44005",0.33
"51185",0.33
"25021",0.32
"51059",0.31
"13195",0.3
"48343",0.29
"51079",0.28
"39121",0.27
"09001",0.26
"13085",0.25
"36059",0.25
"12017",0.24
"36119",0.22
"39153",0.21
"51161",0.17
"51051",0.16
"39111",0.15
"22091",0.14
"23023",0.13
"49033",0.13
"13083",0.12
"51071",0.12
"51155",0.12
"12019",0.11
"13187",0.11
"29029",0.1
"13035",0.09
"47151",0.09
"47173",0.08
"06041",0.07
"13223",0.07
"13281",0.07
"51187",0.07
"01115",0.06
"29209",0.05
"13047",0.04
"13263",0.04
"34029",0.04
"47129",0.04
"54085",0.04
"53055",0.02
"54091",0.02
"54101",0.01
"13073",0
"51199",0
